Ameriprise Financial,2
Ameriprise Financial,3
Ameriprise Financial,4
Ameriprise Financial,5
Ameriprise Financial,6
Ameriprise Financial,8
Ameriprise Financial,10
Ameriprise Financial,11
Ameriprise Financial,12
Ameriprise Financial,13
Ameriprise Financial,14
Ameriprise Financial,16
Ameriprise Financial,17
Ameriprise Financial,18
Ameriprise Financial,19
Ameriprise Financial,20
Ameriprise Financial,21
Ameriprise Financial,22
Ameriprise Financial,23
Ameriprise Financial,24
Ameriprise Financial,25
Ameriprise Financial,26
Ameriprise Financial,27
Ameriprise Financial,28
Ameriprise Financial,29
Ameriprise Financial,31
Ameriprise Financial,32
Ameriprise Financial,34
Ameriprise Financial,35
Ameriprise Financial,36
Ameriprise Financial,37
Ameriprise Financial,38
Ameriprise Financial,39
Ameriprise Financial,40
Ameriprise Financial,41
Ameriprise Financial,42
Ameriprise Financial,43
Ameriprise Financial,45
Ameriprise Financial,46
Ameriprise Financial,47
Ameriprise Financial,48
Ameriprise Financial,49
Ameriprise Financial,50
Waddell & Reed,1
Waddell & Reed,2
Fidelity,1
Fidelity,2
Fidelity,3
Fidelity,5
Fidelity,6
Fidelity,7
Fidelity,8
Fidelity,9
Fidelity,10
Fidelity,11
Fidelity,12
Fidelity,13
Fidelity,14
Fidelity,15
Fidelity,16
Fidelity,17
Fidelity,19
Fidelity,20
Fidelity,21
Fidelity,22
Fidelity,23
Fidelity,24
Fidelity,25
Fidelity,26
Fidelity,27
Fidelity,28
Fidelity,29
Fidelity,30
Fidelity,31
Fidelity,33
Fidelity,34
Fidelity,35
Fidelity,36
Fidelity,37
Fidelity,38
Fidelity,39
Fidelity,40
Fidelity,41
Fidelity,42
Fidelity,43
Fidelity,44
Fidelity,45
Fidelity,46
Fidelity,47
Fidelity,48
Fidelity,49
Fidelity,50
Edward Jones,1
Edward Jones,2
Edward Jones,3
Edward Jones,4
Edward Jones,5
Edward Jones,6
Edward Jones,7
Edward Jones,8
Edward Jones,9
Edward Jones,10
Edward Jones,13
Edward Jones,14
Edward Jones,15
Edward Jones,16
Edward Jones,17
Edward Jones,19
Edward Jones,20
Edward Jones,21
Edward Jones,22
Edward Jones,23
Edward Jones,24
Edward Jones,25
Edward Jones,26
Edward Jones,27
Edward Jones,28
Edward Jones,29
Edward Jones,30
Edward Jones,31
Edward Jones,33
Edward Jones,34
Edward Jones,35
Edward Jones,36
Edward Jones,37
Edward Jones,38
Edward Jones,39
Edward Jones,40
Edward Jones,41
Edward Jones,42
Edward Jones,43
Edward Jones,44
Edward Jones,45
Edward Jones,46
Edward Jones,47
Edward Jones,48
Edward Jones,50
National Planning Corporation,1
National Planning Corporation,2
National Planning Corporation,3
National Planning Corporation,5
National Planning Corporation,6
National Planning Corporation,7
National Planning Corporation,8
National Planning Corporation,9
National Planning Corporation,10
National Planning Corporation,11
National Planning Corporation,12
National Planning Corporation,14
National Planning Corporation,16
National Planning Corporation,17
National Planning Corporation,18
National Planning Corporation,19
National Planning Corporation,20
National Planning Corporation,21
National Planning Corporation,22
National Planning Corporation,23
National Planning Corporation,24
National Planning Corporation,26
National Planning Corporation,27
National Planning Corporation,28
National Planning Corporation,29
National Planning Corporation,30
National Planning Corporation,31
National Planning Corporation,32
National Planning Corporation,34
National Planning Corporation,35
National Planning Corporation,36
National Planning Corporation,38
National Planning Corporation,39
National Planning Corporation,40
National Planning Corporation,41
National Planning Corporation,42
National Planning Corporation,43
National Planning Corporation,44
National Planning Corporation,45
National Planning Corporation,46
National Planning Corporation,47
National Planning Corporation,48
National Planning Corporation,49
National Planning Corporation,50
Charles Schwab,1
Charles Schwab,3
Charles Schwab,4
Charles Schwab,5
Charles Schwab,6
Charles Schwab,7
Charles Schwab,8
Charles Schwab,9
Charles Schwab,10
Charles Schwab,11
Charles Schwab,12
Charles Schwab,13
Charles Schwab,14
Charles Schwab,15
Charles Schwab,16
Charles Schwab,17
Charles Schwab,18
Charles Schwab,19
Charles Schwab,20
Charles Schwab,22
Charles Schwab,23
Charles Schwab,24
Charles Schwab,25
Charles Schwab,26
Charles Schwab,27
Charles Schwab,28
Charles Schwab,29
Charles Schwab,30
Charles Schwab,31
Charles Schwab,32
Charles Schwab,34
Charles Schwab,35
Charles Schwab,36
Charles Schwab,37
Charles Schwab,38
Charles Schwab,39
Charles Schwab,40
Charles Schwab,41
Charles Schwab,42
Charles Schwab,43
Charles Schwab,44
Charles Schwab,45
Charles Schwab,46
Charles Schwab,47
Charles Schwab,48
Charles Schwab,49
Charles Schwab,50
Charles Schwab,51
Raymond James Financial,1
Raymond James Financial,3
Raymond James Financial,2
Raymond James Financial,4
Raymond James Financial,5
Raymond James Financial,6
Raymond James Financial,7
Raymond James Financial,8
Raymond James Financial,9
Raymond James Financial,10
Raymond James Financial,11
Raymond James Financial,12
Raymond James Financial,13
Raymond James Financial,14
Raymond James Financial,15
Raymond James Financial,16
Raymond James Financial,17
Raymond James Financial,18
Raymond James Financial,19
Raymond James Financial,20
Raymond James Financial,21
Raymond James Financial,22
Raymond James Financial,23
Raymond James Financial,24
Raymond James Financial,25
Raymond James Financial,26
Raymond James Financial,27
Raymond James Financial,28
Raymond James Financial,29
Raymond James Financial,30
Raymond James Financial,31
Raymond James Financial,32
Raymond James Financial,34
Raymond James Financial,35
Raymond James Financial,36
Raymond James Financial,37
Raymond James Financial,38
Raymond James Financial,40
Raymond James Financial,41
Raymond James Financial,42
Raymond James Financial,43
Raymond James Financial,44
Raymond James Financial,45
Raymond James Financial,46
Raymond James Financial,47
Raymond James Financial,48
Raymond James Financial,49
Raymond James Financial,50
AXA Advisors,1
AXA Advisors,3
AXA Advisors,2
AXA Advisors,4
AXA Advisors,5
AXA Advisors,6
AXA Advisors,7
AXA Advisors,8
AXA Advisors,9
AXA Advisors,10
AXA Advisors,11
AXA Advisors,12
AXA Advisors,13
AXA Advisors,14
AXA Advisors,15
AXA Advisors,17
AXA Advisors,18
AXA Advisors,19
AXA Advisors,20
AXA Advisors,21
AXA Advisors,23
AXA Advisors,24
AXA Advisors,25
AXA Advisors,26
AXA Advisors,27
AXA Advisors,28
AXA Advisors,29
AXA Advisors,30
AXA Advisors,31
AXA Advisors,32
AXA Advisors,34
AXA Advisors,35
AXA Advisors,36
AXA Advisors,37
AXA Advisors,38
AXA Advisors,39
AXA Advisors,40
AXA Advisors,41
AXA Advisors,42
AXA Advisors,43
AXA Advisors,44
AXA Advisors,45
AXA Advisors,48
AXA Advisors,49
AXA Advisors,50
Wells Fargo Advisors,1
Wells Fargo Advisors,2
Wells Fargo Advisors,3
Wells Fargo Advisors,4
Wells Fargo Advisors,6
Wells Fargo Advisors,8
Wells Fargo Advisors,7
Wells Fargo Advisors,10
Wells Fargo Advisors,11
Wells Fargo Advisors,12
Wells Fargo Advisors,14
Wells Fargo Advisors,15
Wells Fargo Advisors,16
Wells Fargo Advisors,17
Wells Fargo Advisors,18
Wells Fargo Advisors,19
Wells Fargo Advisors,20
Wells Fargo Advisors,21
Wells Fargo Advisors,22
Wells Fargo Advisors,23
Wells Fargo Advisors,24
Wells Fargo Advisors,25
Wells Fargo Advisors,26
Wells Fargo Advisors,27
Wells Fargo Advisors,29
Wells Fargo Advisors,30
Wells Fargo Advisors,31
Wells Fargo Advisors,32
Wells Fargo Advisors,33
Wells Fargo Advisors,34
Wells Fargo Advisors,35
Wells Fargo Advisors,36
Wells Fargo Advisors,37
Wells Fargo Advisors,38
Wells Fargo Advisors,40
Wells Fargo Advisors,41
Wells Fargo Advisors,42
Wells Fargo Advisors,43
Wells Fargo Advisors,44
Wells Fargo Advisors,45
Wells Fargo Advisors,46
Wells Fargo Advisors,47
Wells Fargo Advisors,48
Wells Fargo Advisors,49
Wells Fargo Advisors,50
Wells Fargo Advisors,51
Wells Fargo Advisors,53
Wells Fargo Advisors,54
Wells Fargo Advisors,55
Wells Fargo Advisors,56
Wells Fargo Advisors,58
Wells Fargo Advisors,59
Wells Fargo Advisors,60
Wells Fargo Advisors,62
Wells Fargo Advisors,63
Wells Fargo Advisors,64
Wells Fargo Advisors,65
Wells Fargo Advisors,66
Wells Fargo Advisors,67
Wells Fargo Advisors,68
Wells Fargo Advisors,69
Wells Fargo Advisors,70
Wells Fargo Advisors,71
Wells Fargo Advisors,72
Wells Fargo Advisors,73
Wells Fargo Advisors,75
Wells Fargo Advisors,76
Wells Fargo Advisors,77
Wells Fargo Advisors,79
Wells Fargo Advisors,81
Wells Fargo Advisors,82
Wells Fargo Advisors,83
Wells Fargo Advisors,84
Wells Fargo Advisors,86
Wells Fargo Advisors,87
Wells Fargo Advisors,88
Wells Fargo Advisors,89
Wells Fargo Advisors,90
Wells Fargo Advisors,91
Wells Fargo Advisors,92
Wells Fargo Advisors,93
Wells Fargo Advisors,94
Wells Fargo Advisors,95
Wells Fargo Advisors,96
Wells Fargo Advisors,97
Wells Fargo Advisors,98
Wells Fargo Advisors,99
Wells Fargo Advisors,100
Transamerica Financial,1
TD Ameritrade,1
TD Ameritrade,3
TD Ameritrade,2
TD Ameritrade,4
TD Ameritrade,5
TD Ameritrade,7
TD Ameritrade,8
TD Ameritrade,9
TD Ameritrade,10
TD Ameritrade,11
TD Ameritrade,12
TD Ameritrade,13
TD Ameritrade,14
TD Ameritrade,15
TD Ameritrade,16
TD Ameritrade,17
TD Ameritrade,18
TD Ameritrade,19
TD Ameritrade,21
TD Ameritrade,22
TD Ameritrade,23
TD Ameritrade,24
TD Ameritrade,25
TD Ameritrade,26
TD Ameritrade,28
TD Ameritrade,29
TD Ameritrade,30
TD Ameritrade,31
TD Ameritrade,32
TD Ameritrade,34
TD Ameritrade,35
TD Ameritrade,36
TD Ameritrade,37
TD Ameritrade,38
TD Ameritrade,39
TD Ameritrade,40
TD Ameritrade,41
TD Ameritrade,42
TD Ameritrade,43
TD Ameritrade,44
TD Ameritrade,45
TD Ameritrade,46
TD Ameritrade,47
TD Ameritrade,48
TD Ameritrade,49
LPL Financial,1
LPL Financial,2
LPL Financial,3
LPL Financial,4
LPL Financial,5
LPL Financial,6
LPL Financial,7
LPL Financial,8
LPL Financial,9
LPL Financial,10
LPL Financial,11
LPL Financial,12
LPL Financial,13
LPL Financial,14
LPL Financial,15
LPL Financial,16
LPL Financial,17
LPL Financial,18
LPL Financial,19
LPL Financial,20
LPL Financial,21
LPL Financial,22
LPL Financial,23
LPL Financial,24
LPL Financial,25
LPL Financial,26
LPL Financial,27
LPL Financial,28
LPL Financial,29
LPL Financial,30
LPL Financial,31
LPL Financial,32
LPL Financial,35
LPL Financial,36
LPL Financial,37
LPL Financial,38
LPL Financial,39
LPL Financial,40
LPL Financial,41
LPL Financial,43
LPL Financial,44
LPL Financial,45
LPL Financial,46
LPL Financial,47
LPL Financial,48
LPL Financial,49
LPL Financial,50
